id,name_common,name_formal,IANA_code,sovereignty,capital_city,currency_code,currency_name,idd,2_letter_code,3_letter_code,iso_number,latitude,longitude,gd_creation_date,gd_last_updated
1,Afghanistan,Islamic State of Afghanistan,.af,Independent State,Kabul,AFN,Afghani,93,AF,AFG,4,,,,
2,Albania,Republic of Albania,.al,Independent State,Tirana,ALL,Lek,355,AL,ALB,8,,,,
3,Algeria,People's Democratic Republic of Algeria,.dz,Independent State,Algiers,DZD,Dinar,213,DZ,DZA,12,,,,
4,Andorra,Principality of Andorra,.ad,Independent State,Andorra la Vella,EUR,Euro,376,AD,AND,20,,,,
5,Angola,Republic of Angola,.ao,Independent State,Luanda,AOA,Kwanza,244,AO,AGO,24,,,,
6,Antigua and Barbuda,Antigua and Barbuda,.ag,Independent State,Saint John's,XCD,Dollar,-267,AG,ATG,28,,,,
7,Argentina,Argentine Republic,.ar,Independent State,Buenos Aires,ARS,Peso,54,AR,ARG,32,,,,
8,Armenia,Republic of Armenia,.am,Independent State,Yerevan,AMD,Dram,374,AM,ARM,51,,,,
9,Australia,Commonwealth of Australia,.au,Independent State,Canberra,AUD,Dollar,61,AU,AUS,36,,,,
10,Austria,Republic of Austria,.at,Independent State,Vienna,EUR,Euro,43,AT,AUT,40,,,,
11,Azerbaijan,Republic of Azerbaijan,.az,Independent State,Baku,AZN,Manat,994,AZ,AZE,31,,,,
12,"Bahamas, The",Commonwealth of The Bahamas,.bs,Independent State,Nassau,BSD,Dollar,-241,BS,BHS,44,,,,
13,Bahrain,Kingdom of Bahrain,.bh,Independent State,Manama,BHD,Dinar,973,BH,BHR,48,,,,
14,Bangladesh,People's Republic of Bangladesh,.bd,Independent State,Dhaka,BDT,Taka,880,BD,BGD,50,,,,
15,Barbados,,.bb,Independent State,Bridgetown,BBD,Dollar,-245,BB,BRB,52,,,,
16,Belarus,Republic of Belarus,.by,Independent State,Minsk,BYR,Ruble,375,BY,BLR,112,,,,
17,Belgium,Kingdom of Belgium,.be,Independent State,Brussels,EUR,Euro,32,BE,BEL,56,,,,
18,Belize,,.bz,Independent State,Belmopan,BZD,Dollar,501,BZ,BLZ,84,,,,
19,Benin,Republic of Benin,.bj,Independent State,Porto-Novo,XOF,Franc,229,BJ,BEN,204,,,,
20,Bhutan,Kingdom of Bhutan,.bt,Independent State,Thimphu,BTN,Ngultrum,975,BT,BTN,64,,,,
21,Bolivia,Republic of Bolivia,.bo,Independent State,La Paz (administrative/legislative) and Sucre (judical),BOB,Boliviano,591,BO,BOL,68,,,,
22,Bosnia and Herzegovina,,.ba,Independent State,Sarajevo,BAM,Marka,387,BA,BIH,70,,,,
23,Botswana,Republic of Botswana,.bw,Independent State,Gaborone,BWP,Pula,267,BW,BWA,72,,,,
24,Brazil,Federative Republic of Brazil,.br,Independent State,Brasilia,BRL,Real,55,BR,BRA,76,,,,
25,Brunei,Negara Brunei Darussalam,.bn,Independent State,Bandar Seri Begawan,BND,Dollar,673,BN,BRN,96,,,,
26,Bulgaria,Republic of Bulgaria,.bg,Independent State,Sofia,BGN,Lev,359,BG,BGR,100,,,,
27,Burkina Faso,,.bf,Independent State,Ouagadougou,XOF,Franc,226,BF,BFA,854,,,,
28,Burundi,Republic of Burundi,.bi,Independent State,Bujumbura,BIF,Franc,257,BI,BDI,108,,,,
29,Cambodia,Kingdom of Cambodia,.kh,Independent State,Phnom Penh,KHR,Riels,855,KH,KHM,116,,,,
30,Cameroon,Republic of Cameroon,.cm,Independent State,Yaounde,XAF,Franc,237,CM,CMR,120,,,,
31,Canada,,.ca,Independent State,Ottawa,CAD,Dollar,1,CA,CAN,124,,,,
32,Cape Verde,Republic of Cape Verde,.cv,Independent State,Praia,CVE,Escudo,238,CV,CPV,132,,,,
33,Central African Republic,,.cf,Independent State,Bangui,XAF,Franc,236,CF,CAF,140,,,,
34,Chad,Republic of Chad,.td,Independent State,N'Djamena,XAF,Franc,235,TD,TCD,148,,,,
35,Chile,Republic of Chile,.cl,Independent State,Santiago (administrative/judical) and Valparaiso (legislative),CLP,Peso,56,CL,CHL,152,,,,
36,"China, People's Republic of",People's Republic of China,.cn,Independent State,Beijing,CNY,Yuan Renminbi,86,CN,CHN,156,,,,
37,Colombia,Republic of Colombia,.co,Independent State,Bogota,COP,Peso,57,CO,COL,170,,,,
38,Comoros,Union of Comoros,.km,Independent State,Moroni,KMF,Franc,269,KM,COM,174,,,,
39,"Congo, Democratic Republic of the Congo",Democratic Republic of the Congo,.cd,Independent State,Kinshasa,CDF,Franc,243,CD,COD,180,,,,
40,"Congo, Republic of the Congo",Republic of the Congo,.cg,Independent State,Brazzaville,XAF,Franc,242,CG,COG,178,,,,
41,Costa Rica,Republic of Costa Rica,.cr,Independent State,San Jose,CRC,Colon,506,CR,CRI,188,,,,
42,Cote d'Ivoire (Ivory Coast),Republic of Cote d'Ivoire,.ci,Independent State,Yamoussoukro,XOF,Franc,225,CI,CIV,384,,,,
43,Croatia,Republic of Croatia,.hr,Independent State,Zagreb,HRK,Kuna,385,HR,HRV,191,,,,
44,Cuba,Republic of Cuba,.cu,Independent State,Havana,CUP,Peso,53,CU,CUB,192,,,,
45,Cyprus,Republic of Cyprus,.cy,Independent State,Nicosia,CYP,Pound,357,CY,CYP,196,,,,
46,Czech Republic,Czech Republic,.cz,Independent State,Prague,CZK,Koruna,420,CZ,CZE,203,,,,
47,Denmark,Kingdom of Denmark,.dk,Independent State,Copenhagen,DKK,Krone,45,DK,DNK,208,,,,
48,Djibouti,Republic of Djibouti,.dj,Independent State,Djibouti,DJF,Franc,253,DJ,DJI,262,,,,
49,Dominica,Commonwealth of Dominica,.dm,Independent State,Roseau,XCD,Dollar,-766,DM,DMA,212,,,,
50,Dominican Republic,Dominican Republic,.do,Independent State,Santo Domingo,DOP,Peso,+1-8,DO,DOM,214,,,,
51,Ecuador,Republic of Ecuador,.ec,Independent State,Quito,USD,Dollar,593,EC,ECU,218,,,,
52,Egypt,Arab Republic of Egypt,.eg,Independent State,Cairo,EGP,Pound,20,EG,EGY,818,,,,
53,El Salvador,Republic of El Salvador,.sv,Independent State,San Salvador,USD,Dollar,503,SV,SLV,222,,,,
54,Equatorial Guinea,Republic of Equatorial Guinea,.gq,Independent State,Malabo,XAF,Franc,240,GQ,GNQ,226,,,,
55,Eritrea,State of Eritrea,.er,Independent State,Asmara,ERN,Nakfa,291,ER,ERI,232,,,,
56,Estonia,Republic of Estonia,.ee,Independent State,Tallinn,EEK,Kroon,372,EE,EST,233,,,,
57,Ethiopia,Federal Democratic Republic of Ethiopia,.et,Independent State,Addis Ababa,ETB,Birr,251,ET,ETH,231,,,,
58,Fiji,Republic of the Fiji Islands,.fj,Independent State,Suva,FJD,Dollar,679,FJ,FJI,242,,,,
59,Finland,Republic of Finland,.fi,Independent State,Helsinki,EUR,Euro,358,FI,FIN,246,,,,
60,France,French Republic,.fr,Independent State,Paris,EUR,Euro,33,FR,FRA,250,,,,
61,Gabon,Gabonese Republic,.ga,Independent State,Libreville,XAF,Franc,241,GA,GAB,266,,,,
62,"Gambia, The",Republic of The Gambia,.gm,Independent State,Banjul,GMD,Dalasi,220,GM,GMB,270,,,,
63,Georgia,Republic of Georgia,.ge,Independent State,Tbilisi,GEL,Lari,995,GE,GEO,268,,,,
64,Germany,Federal Republic of Germany,.de,Independent State,Berlin,EUR,Euro,49,DE,DEU,276,,,,
65,Ghana,Republic of Ghana,.gh,Independent State,Accra,GHC,Cedi,233,GH,GHA,288,,,,
66,Greece,Hellenic Republic,.gr,Independent State,Athens,EUR,Euro,30,GR,GRC,300,,,,
67,Grenada,Grenada,.gd,Independent State,Saint George's,XCD,Dollar,-472,GD,GRD,308,,,,
68,Guatemala,Republic of Guatemala,.gt,Independent State,Guatemala,GTQ,Quetzal,502,GT,GTM,320,,,,
69,Guinea,Republic of Guinea,.gn,Independent State,Conakry,GNF,Franc,224,GN,GIN,324,,,,
70,Guinea-Bissau,Republic of Guinea-Bissau,.gw,Independent State,Bissau,XOF,Franc,245,GW,GNB,624,,,,
71,Guyana,Co-operative Republic of Guyana,.gy,Independent State,Georgetown,GYD,Dollar,592,GY,GUY,328,,,,
72,Haiti,Republic of Haiti,.ht,Independent State,Port-au-Prince,HTG,Gourde,509,HT,HTI,332,,,,
73,Honduras,Republic of Honduras,.hn,Independent State,Tegucigalpa,HNL,Lempira,504,HN,HND,340,,,,
74,Hungary,Republic of Hungary,.hu,Independent State,Budapest,HUF,Forint,36,HU,HUN,348,,,,
75,Iceland,Republic of Iceland,.is,Independent State,Reykjavik,ISK,Krona,354,IS,ISL,352,,,,
76,India,Republic of India,.in,Independent State,New Delhi,INR,Rupee,91,IN,IND,356,,,,
77,Indonesia,Republic of Indonesia,.id,Independent State,Jakarta,IDR,Rupiah,62,ID,IDN,360,,,,
78,Iran,Islamic Republic of Iran,.ir,Independent State,Tehran,IRR,Rial,98,IR,IRN,364,,,,
79,Iraq,Republic of Iraq,.iq,Independent State,Baghdad,IQD,Dinar,964,IQ,IRQ,368,,,,
80,Ireland,,.ie,Independent State,Dublin,EUR,Euro,353,IE,IRL,372,,,,
81,Israel,State of Israel,.il,Independent State,Jerusalem,ILS,Shekel,972,IL,ISR,376,,,,
82,Italy,Italian Republic,.it,Independent State,Rome,EUR,Euro,39,IT,ITA,380,,,,
83,Jamaica,Jamaica,.jm,Independent State,Kingston,JMD,Dollar,-875,JM,JAM,388,,,,
84,Japan,Japan,.jp,Independent State,Tokyo,JPY,Yen,81,JP,JPN,392,,,,
85,Jordan,Hashemite Kingdom of Jordan,.jo,Independent State,Amman,JOD,Dinar,962,JO,JOR,400,,,,
86,Kazakhstan,Republic of Kazakhstan,.kz,Independent State,Astana,KZT,Tenge,7,KZ,KAZ,398,,,,
87,Kenya,Republic of Kenya,.ke,Independent State,Nairobi,KES,Shilling,254,KE,KEN,404,,,,
88,Kiribati,Republic of Kiribati,.ki,Independent State,Tarawa,AUD,Dollar,686,KI,KIR,296,,,,
89,"Korea, Democratic People's Republic of (North Kore",Democratic People's Republic of Korea,.kp,Independent State,Pyongyang,KPW,Won,850,KP,PRK,408,,,,
90,"Korea, Republic of (South Korea)",Republic of Korea,.kr,Independent State,Seoul,KRW,Won,82,KR,KOR,410,,,,
91,Kuwait,State of Kuwait,.kw,Independent State,Kuwait,KWD,Dinar,965,KW,KWT,414,,,,
92,Kyrgyzstan,Kyrgyz Republic,.kg,Independent State,Bishkek,KGS,Som,996,KG,KGZ,417,,,,
93,Laos,Lao People's Democratic Republic,.la,Independent State,Vientiane,LAK,Kip,856,LA,LAO,418,,,,
94,Latvia,Republic of Latvia,.lv,Independent State,Riga,LVL,Lat,371,LV,LVA,428,,,,
95,Lebanon,Lebanese Republic,.lb,Independent State,Beirut,LBP,Pound,961,LB,LBN,422,,,,
96,Lesotho,Kingdom of Lesotho,.ls,Independent State,Maseru,LSL,Loti,266,LS,LSO,426,,,,
97,Liberia,Republic of Liberia,.lr,Independent State,Monrovia,LRD,Dollar,231,LR,LBR,430,,,,
98,Libya,Great Socialist People's Libyan Arab Jamahiriya,.ly,Independent State,Tripoli,LYD,Dinar,218,LY,LBY,434,,,,
99,Liechtenstein,Principality of Liechtenstein,.li,Independent State,Vaduz,CHF,Franc,423,LI,LIE,438,,,,
100,Lithuania,Republic of Lithuania,.lt,Independent State,Vilnius,LTL,Litas,370,LT,LTU,440,,,,
101,Luxembourg,Grand Duchy of Luxembourg,.lu,Independent State,Luxembourg,EUR,Euro,352,LU,LUX,442,,,,
102,Macedonia,Republic of Macedonia,.mk,Independent State,Skopje,MKD,Denar,389,MK,MKD,807,,,,
103,Madagascar,Republic of Madagascar,.mg,Independent State,Antananarivo,MGA,Ariary,261,MG,MDG,450,,,,
104,Malawi,Republic of Malawi,.mw,Independent State,Lilongwe,MWK,Kwacha,265,MW,MWI,454,,,,
105,Malaysia,,.my,Independent State,Kuala Lumpur (legislative/judical) and Putrajaya (administrative),MYR,Ringgit,60,MY,MYS,458,,,,
106,Maldives,Republic of Maldives,.mv,Independent State,Male,MVR,Rufiyaa,960,MV,MDV,462,,,,
107,Mali,Republic of Mali,.ml,Independent State,Bamako,XOF,Franc,223,ML,MLI,466,,,,
108,Malta,Republic of Malta,.mt,Independent State,Valletta,MTL,Lira,356,MT,MLT,470,,,,
109,Marshall Islands,Republic of the Marshall Islands,.mh,Independent State,Majuro,USD,Dollar,692,MH,MHL,584,,,,
110,Mauritania,Islamic Republic of Mauritania,.mr,Independent State,Nouakchott,MRO,Ouguiya,222,MR,MRT,478,,,,
111,Mauritius,Republic of Mauritius,.mu,Independent State,Port Louis,MUR,Rupee,230,MU,MUS,480,,,,
112,Mexico,United Mexican States,.mx,Independent State,Mexico,MXN,Peso,52,MX,MEX,484,,,,
113,Micronesia,Federated States of Micronesia,.fm,Independent State,Palikir,USD,Dollar,691,FM,FSM,583,,,,
114,Moldova,Republic of Moldova,.md,Independent State,Chisinau,MDL,Leu,373,MD,MDA,498,,,,
115,Monaco,Principality of Monaco,.mc,Independent State,Monaco,EUR,Euro,377,MC,MCO,492,,,,
116,Mongolia,,.mn,Independent State,Ulaanbaatar,MNT,Tugrik,976,MN,MNG,496,,,,
117,Montenegro,Republic of Montenegro,.me ,Independent State,Podgorica,EUR,Euro,382,ME,MNE,499,,,,
118,Morocco,Kingdom of Morocco,.ma,Independent State,Rabat,MAD,Dirham,212,MA,MAR,504,,,,
119,Mozambique,Republic of Mozambique,.mz,Independent State,Maputo,MZM,Meticail,258,MZ,MOZ,508,,,,
120,Myanmar (Burma),Union of Myanmar,.mm,Independent State,Naypyidaw,MMK,Kyat,95,MM,MMR,104,,,,
121,Namibia,Republic of Namibia,.na,Independent State,Windhoek,NAD,Dollar,264,NA,NAM,516,,,,
122,Nauru,Republic of Nauru,.nr,Independent State,Yaren,AUD,Dollar,674,NR,NRU,520,,,,
123,Nepal,,.np,Independent State,Kathmandu,NPR,Rupee,977,NP,NPL,524,,,,
124,Netherlands,Kingdom of the Netherlands,.nl,Independent State,Amsterdam (administrative) and The Hague (legislative/judical),EUR,Euro,31,NL,NLD,528,,,,
125,New Zealand,,.nz,Independent State,Wellington,NZD,Dollar,64,NZ,NZL,554,,,,
126,Nicaragua,Republic of Nicaragua,.ni,Independent State,Managua,NIO,Cordoba,505,NI,NIC,558,,,,
127,Niger,Republic of Niger,.ne,Independent State,Niamey,XOF,Franc,227,NE,NER,562,,,,
128,Nigeria,Federal Republic of Nigeria,.ng,Independent State,Abuja,NGN,Naira,234,NG,NGA,566,,,,
129,Norway,Kingdom of Norway,.no,Independent State,Oslo,NOK,Krone,47,NO,NOR,578,,,,
130,Oman,Sultanate of Oman,.om,Independent State,Muscat,OMR,Rial,968,OM,OMN,512,,,,
131,Pakistan,Islamic Republic of Pakistan,.pk,Independent State,Islamabad,PKR,Rupee,92,PK,PAK,586,,,,
132,Palau,Republic of Palau,.pw,Independent State,Melekeok,USD,Dollar,680,PW,PLW,585,,,,
133,Panama,Republic of Panama,.pa,Independent State,Panama,PAB,Balboa,507,PA,PAN,591,,,,
134,Papua New Guinea,Independent State of Papua New Guinea,.pg,Independent State,Port Moresby,PGK,Kina,675,PG,PNG,598,,,,
135,Paraguay,Republic of Paraguay,.py,Independent State,Asuncion,PYG,Guarani,595,PY,PRY,600,,,,
136,Peru,Republic of Peru,.pe,Independent State,Lima,PEN,Sol,51,PE,PER,604,,,,
137,Philippines,Republic of the Philippines,.ph,Independent State,Manila,PHP,Peso,63,PH,PHL,608,,,,
138,Poland,Republic of Poland,.pl,Independent State,Warsaw,PLN,Zloty,48,PL,POL,616,,,,
139,Portugal,Portuguese Republic,.pt,Independent State,Lisbon,EUR,Euro,351,PT,PRT,620,,,,
140,Qatar,State of Qatar,.qa,Independent State,Doha,QAR,Rial,974,QA,QAT,634,,,,
141,Romania,,.ro,Independent State,Bucharest,RON,Leu,40,RO,ROU,642,,,,
142,Russia,Russian Federation,.ru ,Independent State,Moscow,RUB,Ruble,7,RU,RUS,643,,,,
143,Rwanda,Republic of Rwanda,.rw,Independent State,Kigali,RWF,Franc,250,RW,RWA,646,,,,
144,Saint Kitts and Nevis,Federation of Saint Kitts and Nevis,.kn,Independent State,Basseterre,XCD,Dollar,-868,KN,KNA,659,,,,
145,Saint Lucia,,.lc,Independent State,Castries,XCD,Dollar,-757,LC,LCA,662,,,,
146,Saint Vincent and the Grenadines,,.vc,Independent State,Kingstown,XCD,Dollar,-783,VC,VCT,670,,,,
147,Samoa,Independent State of Samoa,.ws,Independent State,Apia,WST,Tala,685,WS,WSM,882,,,,
148,San Marino,Republic of San Marino,.sm,Independent State,San Marino,EUR,Euro,378,SM,SMR,674,,,,
149,Sao Tome and Principe,Democratic Republic of Sao Tome and Principe,.st,Independent State,Sao Tome,STD,Dobra,239,ST,STP,678,,,,
150,Saudi Arabia,Kingdom of Saudi Arabia,.sa,Independent State,Riyadh,SAR,Rial,966,SA,SAU,682,,,,
151,Senegal,Republic of Senegal,.sn,Independent State,Dakar,XOF,Franc,221,SN,SEN,686,,,,
152,Serbia,Republic of Serbia,.rs ,Independent State,Belgrade,RSD,Dinar,381,RS,SRB,688,,,,
153,Seychelles,Republic of Seychelles,.sc,Independent State,Victoria,SCR,Rupee,248,SC,SYC,690,,,,
154,Sierra Leone,Republic of Sierra Leone,.sl,Independent State,Freetown,SLL,Leone,232,SL,SLE,694,,,,
155,Singapore,Republic of Singapore,.sg,Independent State,Singapore,SGD,Dollar,65,SG,SGP,702,,,,
156,Slovakia,Slovak Republic,.sk,Independent State,Bratislava,SKK,Koruna,421,SK,SVK,703,,,,
157,Slovenia,Republic of Slovenia,.si,Independent State,Ljubljana,EUR,Euro,386,SI,SVN,705,,,,
158,Solomon Islands,,.sb,Independent State,Honiara,SBD,Dollar,677,SB,SLB,90,,,,
159,Somalia,,.so,Independent State,Mogadishu,SOS,Shilling,252,SO,SOM,706,,,,
160,South Africa,Republic of South Africa,.za,Independent State,"Pretoria (administrative), Cape Town (legislative), and Bloemfontein (judical)",ZAR,Rand,27,ZA,ZAF,710,,,,
161,Spain,Kingdom of Spain,.es,Independent State,Madrid,EUR,Euro,34,ES,ESP,724,,,,
162,Sri Lanka,Democratic Socialist Republic of Sri Lanka,.lk,Independent State,Colombo (administrative/judical) and Sri Jayewardenepura Kotte (legislative),LKR,Rupee,94,LK,LKA,144,,,,
163,Sudan,Republic of the Sudan,.sd,Independent State,Khartoum,SDD,Dinar,249,SD,SDN,736,,,,
164,Suriname,Republic of Suriname,.sr,Independent State,Paramaribo,SRD,Dollar,597,SR,SUR,740,,,,
165,Swaziland,Kingdom of Swaziland,.sz,Independent State,Mbabane (administrative) and Lobamba (legislative),SZL,Lilangeni,268,SZ,SWZ,748,,,,
166,Sweden,Kingdom of Sweden,.se,Independent State,Stockholm,SEK,Kronoa,46,SE,SWE,752,,,,
167,Switzerland,Swiss Confederation,.ch,Independent State,Bern,CHF,Franc,41,CH,CHE,756,,,,
168,Syria,Syrian Arab Republic,.sy,Independent State,Damascus,SYP,Pound,963,SY,SYR,760,,,,
169,Tajikistan,Republic of Tajikistan,.tj,Independent State,Dushanbe,TJS,Somoni,992,TJ,TJK,762,,,,
170,Tanzania,United Republic of Tanzania,.tz,Independent State,Dar es Salaam (administrative/judical) and Dodoma (legislative),TZS,Shilling,255,TZ,TZA,834,,,,
171,Thailand,Kingdom of Thailand,.th,Independent State,Bangkok,THB,Baht,66,TH,THA,764,,,,
172,Timor-Leste (East Timor),Democratic Republic of Timor-Leste,.tp ,Independent State,Dili,USD,Dollar,670,TL,TLS,626,,,,
173,Togo,Togolese Republic,.tg,Independent State,Lome,XOF,Franc,228,TG,TGO,768,,,,
174,Tonga,Kingdom of Tonga,.to,Independent State,Nuku'alofa,TOP,Pa'anga,676,TO,TON,776,,,,
175,Trinidad and Tobago,Republic of Trinidad and Tobago,.tt,Independent State,Port-of-Spain,TTD,Dollar,-867,TT,TTO,780,,,,
176,Tunisia,Tunisian Republic,.tn,Independent State,Tunis,TND,Dinar,216,TN,TUN,788,,,,
177,Turkey,Republic of Turkey,.tr,Independent State,Ankara,TRY,Lira,90,TR,TUR,792,,,,
178,Turkmenistan,,.tm,Independent State,Ashgabat,TMM,Manat,993,TM,TKM,795,,,,
179,Tuvalu,,.tv,Independent State,Funafuti,AUD,Dollar,688,TV,TUV,798,,,,
180,Uganda,Republic of Uganda,.ug,Independent State,Kampala,UGX,Shilling,256,UG,UGA,800,,,,
181,Ukraine,,.ua,Independent State,Kiev,UAH,Hryvnia,380,UA,UKR,804,,,,
182,United Arab Emirates,United Arab Emirates,.ae,Independent State,Abu Dhabi,AED,Dirham,971,AE,ARE,784,,,,
183,United Kingdom,United Kingdom of Great Britain and Northern Ireland,.uk,Independent State,London,GBP,Pound,44,GB,GBR,826,,,,
184,United States,United States of America,.us,Independent State,Washington,USD,Dollar,1,US,USA,840,,,,
185,Uruguay,Oriental Republic of Uruguay,.uy,Independent State,Montevideo,UYU,Peso,598,UY,URY,858,,,,
186,Uzbekistan,Republic of Uzbekistan,.uz,Independent State,Tashkent,UZS,Som,998,UZ,UZB,860,,,,
187,Vanuatu,Republic of Vanuatu,.vu,Independent State,Port-Vila,VUV,Vatu,678,VU,VUT,548,,,,
188,Vatican City,State of the Vatican City,.va,Independent State,Vatican City,EUR,Euro,379,VA,VAT,336,,,,
189,Venezuela,Bolivarian Republic of Venezuela,.ve,Independent State,Caracas,VEB,Bolivar,58,VE,VEN,862,,,,
190,Vietnam,Socialist Republic of Vietnam,.vn,Independent State,Hanoi,VND,Dong,84,VN,VNM,704,,,,
191,Yemen,Republic of Yemen,.ye,Independent State,Sanaa,YER,Rial,967,YE,YEM,887,,,,
192,Zambia,Republic of Zambia,.zm,Independent State,Lusaka,ZMK,Kwacha,260,ZM,ZMB,894,,,,
193,Zimbabwe,Republic of Zimbabwe,.zw,Independent State,Harare,ZWD,Dollar,263,ZW,ZWE,716,,,,
194,Abkhazia,Republic of Abkhazia,.ge,Proto Independent State,Sokhumi,RUB,Ruble,995,GE,GEO,268,,,,
195,"China, Republic of (Taiwan)",Republic of China,.tw,Proto Independent State,Taipei,TWD,Dollar,886,TW,TWN,158,,,,
196,Nagorno-Karabakh,Nagorno-Karabakh Republic,.az,Proto Independent State,Stepanakert,AMD,Dram,277,AZ,AZE,31,,,,
197,Northern Cyprus,Turkish Republic of Northern Cyprus,.nc.,Proto Independent State,Nicosia,TRY,Lira,-302,CY,CYP,196,,,,
198,Pridnestrovie (Transnistria),Pridnestrovian Moldavian Republic,.md,Proto Independent State,Tiraspol,,Ruple,-160,MD,MDA,498,,,,
199,Somaliland,Republic of Somaliland,.so,Proto Independent State,Hargeisa,,Shilling,252,SO,SOM,706,,,,
200,South Ossetia,Republic of South Ossetia,.ge,Proto Independent State,Tskhinvali,RUB ,Ruble and Lari,995,GE,GEO,268,,,,
201,Ashmore and Cartier Islands,Territory of Ashmore and Cartier Islands,.au,Dependency,,,,,AU,AUS,36,,,,
202,Christmas Island,Territory of Christmas Island,.cx,Dependency,The Settlement (Flying Fish Cove),AUD,Dollar,61,CX,CXR,162,,,,
203,Cocos (Keeling) Islands,Territory of Cocos (Keeling) Islands,.cc,Dependency,West Island,AUD,Dollar,61,CC,CCK,166,,,,
204,Coral Sea Islands,Coral Sea Islands Territory,.au,Dependency,,,,,AU,AUS,36,,,,
205,Heard Island and McDonald Islands,Territory of Heard Island and McDonald Islands,.hm,Dependency,,,,,HM,HMD,334,,,,
206,Norfolk Island,Territory of Norfolk Island,.nf,Dependency,Kingston,AUD,Dollar,672,NF,NFK,574,,,,
207,New Caledonia,,.nc,Dependency,Noumea,XPF,Franc,687,NC,NCL,540,,,,
208,French Polynesia,Overseas Country of French Polynesia,.pf,Dependency,Papeete,XPF,Franc,689,PF,PYF,258,,,,
209,Mayotte,Departmental Collectivity of Mayotte,.yt,Dependency,Mamoudzou,EUR,Euro,262,YT,MYT,175,,,,
210,Saint Barthelemy,Collectivity of Saint Barthelemy,.gp,Dependency,Gustavia,EUR,Euro,590,GP,GLP,312,,,,
211,Saint Martin,Collectivity of Saint Martin,.gp,Dependency,Marigot,EUR,Euro,590,GP,GLP,312,,,,
212,Saint Pierre and Miquelon,Territorial Collectivity of Saint Pierre and Miquelon,.pm,Dependency,Saint-Pierre,EUR,Euro,508,PM,SPM,666,,,,
213,Wallis and Futuna,Collectivity of the Wallis and Futuna Islands,.wf,Dependency,Mata'utu,XPF,Franc,681,WF,WLF,876,,,,
214,French Southern and Antarctic Lands,Territory of the French Southern and Antarctic Lands,.tf,Dependency,Martin-de-Vivi,,,,TF,ATF,260,,,,
215,Clipperton Island,,.pf,Dependency,,,,,PF,PYF,258,,,,
216,Bouvet Island,,.bv,Dependency,,,,,BV,BVT,74,,,,
217,Cook Islands,,.ck,Dependency,Avarua,NZD,Dollar,682,CK,COK,184,,,,
218,Niue,,.nu,Dependency,Alofi,NZD,Dollar,683,NU,NIU,570,,,,
219,Tokelau,,.tk,Dependency,,NZD,Dollar,690,TK,TKL,772,,,,
220,Guernsey,Bailiwick of Guernsey,.gg,Dependency,Saint Peter Port,GGP,Pound,44,GG,GGY,831,,,,
221,Isle of Man,,.im,Dependency,Douglas,IMP,Pound,44,IM,IMN,833,,,,
222,Jersey,Bailiwick of Jersey,.je,Dependency,Saint Helier,JEP,Pound,44,JE,JEY,832,,,,
223,Anguilla,,.ai,Dependency,The Valley,XCD,Dollar,-263,AI,AIA,660,,,,
224,Bermuda,,.bm,Dependency,Hamilton,BMD,Dollar,-440,BM,BMU,60,,,,
225,British Indian Ocean Territory,,.io,Dependency,,,,246,IO,IOT,86,,,,
226,British Sovereign Base Areas,,,Dependency,Episkopi,CYP,Pound,357,,,,,,,
227,British Virgin Islands,,.vg,Dependency,Road Town,USD,Dollar,-283,VG,VGB,92,,,,
228,Cayman Islands,,.ky,Dependency,George Town,KYD,Dollar,-344,KY,CYM,136,,,,
229,Falkland Islands (Islas Malvinas),,.fk,Dependency,Stanley,FKP,Pound,500,FK,FLK,238,,,,
230,Gibraltar,,.gi,Dependency,Gibraltar,GIP,Pound,350,GI,GIB,292,,,,
231,Montserrat,,.ms,Dependency,Plymouth,XCD,Dollar,-663,MS,MSR,500,,,,
232,Pitcairn Islands,,.pn,Dependency,Adamstown,NZD,Dollar,,PN,PCN,612,,,,
233,Saint Helena,,.sh,Dependency,Jamestown,SHP,Pound,290,SH,SHN,654,,,,
234,South Georgia and the South Sandwich Islands,,.gs,Dependency,,,,,GS,SGS,239,,,,
235,Turks and Caicos Islands,,.tc,Dependency,Grand Turk,USD,Dollar,-648,TC,TCA,796,,,,
236,Northern Mariana Islands,Commonwealth of The Northern Mariana Islands,.mp,Dependency,Saipan,USD,Dollar,-669,MP,MNP,580,,,,
237,Puerto Rico,Commonwealth of Puerto Rico,.pr,Dependency,San Juan,USD,Dollar,+1-7,PR,PRI,630,,,,
238,American Samoa,Territory of American Samoa,.as,Dependency,Pago Pago,USD,Dollar,-683,AS,ASM,16,,,,
239,Baker Island,,,Dependency,,,,,UM,UMI,581,,,,
240,Guam,Territory of Guam,.gu,Dependency,Hagatna,USD,Dollar,-670,GU,GUM,316,,,,
241,Howland Island,,,Dependency,,,,,UM,UMI,581,,,,
242,Jarvis Island,,,Dependency,,,,,UM,UMI,581,,,,
243,Johnston Atoll,,,Dependency,,,,,UM,UMI,581,,,,
244,Kingman Reef,,,Dependency,,,,,UM,UMI,581,,,,
245,Midway Islands,,,Dependency,,,,,UM,UMI,581,,,,
246,Navassa Island,,,Dependency,,,,,UM,UMI,581,,,,
247,Palmyra Atoll,,,Dependency,,,,,UM,UMI,581,,,,
248,U.S. Virgin Islands,United States Virgin Islands,.vi,Dependency,Charlotte Amalie,USD,Dollar,-339,VI,VIR,850,,,,
249,Wake Island,,,Dependency,,,,,UM,UMI,850,,,,
250,Hong Kong,Hong Kong Special Administrative Region,.hk,Proto Dependency,,HKD,Dollar,852,HK,HKG,344,,,,
251,Macau,Macau Special Administrative Region,.mo,Proto Dependency,Macau,MOP,Pataca,853,MO,MAC,446,,,,
252,Faroe Islands,,.fo,Proto Dependency,Torshavn,DKK,Krone,298,FO,FRO,234,,,,
253,Greenland,,.gl,Proto Dependency,Nuuk (Godthab),DKK,Krone,299,GL,GRL,304,,,,
254,French Guiana,Overseas Region of Guiana,.gf,Proto Dependency,Cayenne,EUR,Euro,594,GF,GUF,254,,,,
255,Guadeloupe,Overseas Region of Guadeloupe,.gp,Proto Dependency,Basse-Terre,EUR,Euro,590,GP,GLP,312,,,,
256,Martinique,Overseas Region of Martinique,.mq,Proto Dependency,Fort-de-France,EUR,Euro,596,MQ,MTQ,474,,,,
257,Reunion,Overseas Region of Reunion,.re,Proto Dependency,Saint-Denis,EUR,Euro,262,RE,REU,638,,,,
258,Aland,,.ax,Proto Dependency,Mariehamn,EUR,Euro,340,AX,ALA,248,,,,
259,Aruba,,.aw,Proto Dependency,Oranjestad,AWG,Guilder,297,AW,ABW,533,,,,
260,Netherlands Antilles,,.an,Proto Dependency,Willemstad,ANG,Guilder,599,AN,ANT,530,,,,
261,Svalbard,,.sj,Proto Dependency,Longyearbyen,NOK,Krone,47,SJ,SJM,744,,,,
262,Ascension,,.ac,Proto Dependency,Georgetown,SHP,Pound,247,AC,ASC,,,,,
263,Tristan da Cunha,,,Proto Dependency,Edinburgh,SHP,Pound,290,TA,TAA,,,,,
264,Antarctica,,.aq,Disputed Territory,,,,,AQ,ATA,10,,,,
265,Kosovo,,.cs ,Disputed Territory,Pristina,CSD ,Dinar and Euro,381,CS,SCG,891,,,,
266,Palestinian Territories (Gaza Strip and West Bank),,.ps,Disputed Territory,Gaza City (Gaza Strip) and Ramallah (West Bank),ILS,Shekel,970,PS,PSE,275,,,,
267,Western Sahara,,.eh,Disputed Territory,El-Aaiun,MAD,Dirham,212,EH,ESH,732,,,,
268,Australian Antarctic Territory,,.aq,Antarctic Territory,,,,,AQ,ATA,10,,,,
269,Ross Dependency,,.aq,Antarctic Territory,,,,,AQ,ATA,10,,,,
270,Peter I Island,,.aq,Antarctic Territory,,,,,AQ,ATA,10,,,,
271,Queen Maud Land,,.aq,Antarctic Territory,,,,,AQ,ATA,10,,,,
272,British Antarctic Territory,,.aq,Antarctic Territory,,,,,AQ,ATA,10,,,,